Quarter,MODEL I RESULTS,MODEL II RESULTS,MODEL III RESULTS,Universe EW Proxy
1,,,,0.022020047516881473
2,,,,0.027206331308087212
3,,,,0.017341407403901953
4,,,,-0.031673960483916665
5,,,,0.0004625199349005821
6,,,,0.03416652033455123
7,,,,-0.006314141996518074
8,,,,0.024176210701465264
