Quarter,MODEL I RESULTS,MODEL II RESULTS,MODEL III RESULTS,NIFTY50
1,0.0252909743583286,0.025446019705425326,0.02471045440379079,0.009074921607652766
2,0.03889033049268612,0.0330080841677355,0.037863330436453506,0.024950839200462163
3,0.020899880707557272,0.022555076782797275,0.021756509812145625,0.024455867663320568
4,-0.03980990353865058,-0.040498807334102487,-0.04057767614574732,-0.0284741324010772
5,-0.018208235478688706,-0.0237093929627477,-0.02076524875365753,-0.0005308948013686374
6,0.03875258606231873,0.04088258176861873,0.039165969518228795,0.027574859497971935
7,-0.00014521408973912353,-0.0020300438342293566,-0.0011211866065209315,-0.011862013097778235
8,0.00432058265405305,0.006107601854531954,0.004936042774068551,0.020345657128992636
