Quarter,MODEL I RESULTS,MODEL II RESULTS,MODEL III RESULTS,Universe EW Proxy
1,0.01734428541012222,0.008971227184764513,0.006917460191579637,0.022020047516881473
2,0.015658316576635332,0.0123474999794008,0.012520238980641482,0.027206331308087212
3,0.024541491033025203,0.0292964330134645,0.03302423645070051,0.017341407403901953
4,-0.021691103940794796,-0.022821014742063547,-0.019887283060999093,-0.031673960483916665
5,-0.012367307472167396,-0.012361475201601432,-0.01623300996581214,0.0004625199349005821
6,0.018864008687977288,0.015603690732706565,0.013818111110949298,0.03416652033455123
7,-0.03609666155518674,-0.034137906894543844,-0.03496995048343782,-0.006314141996518074
8,0.03847636716529621,0.03458719347251438,0.0350920862860693,0.024176210701465264
