Quarter,MODEL I RESULTS,MODEL II RESULTS,MODEL III RESULTS,NIFTY50
1,0.0055630814743171525,0.006011678527341559,0.006602722590062146,0.009074921607652766
2,0.011797901594148383,0.011731259297053792,0.012008307565892933,0.024950839200462163
3,0.03201855316915941,0.030253925929485195,0.0313513132202337,0.024455867663320568
4,-0.021411014275012668,-0.022299251973209148,-0.021680505283117307,-0.0284741324010772
5,-0.011647768083884324,-0.008996243542804682,-0.012247099122407215,-0.0005308948013686374
6,0.014572904470649713,0.015204318722464331,0.014853587102695668,0.027574859497971935
7,-0.033084738897667755,-0.03280640790484514,-0.033702611294380645,-0.011862013097778235
8,0.033813345532654304,0.034034793411040654,0.03447426317432925,0.020345657128992636
