Quarter,MODEL I RESULTS,MODEL II RESULTS,MODEL III RESULTS,NIFTY50
1,0.006517814150903267,0.00829531692162141,,0.009074921607652766
2,0.012690670502854252,0.012783271896663536,,0.024950839200462163
3,0.03275865468692334,0.030284832861444285,,0.024455867663320568
4,-0.01919305060519969,-0.021126954830514008,,-0.0284741324010772
5,-0.01557169363437698,-0.013624298990199261,,-0.0005308948013686374
6,0.013335876497091245,0.014947558710646992,,0.027574859497971935
7,-0.035515538515605224,-0.03535669374558708,,-0.011862013097778235
8,0.03611649150867696,0.03656728258786342,,0.020345657128992636
