Quarter,MODEL I RESULTS,MODEL II RESULTS,MODEL III RESULTS,NIFTY50
1,0.005596170647081583,,,0.009074921607652766
2,0.011720253744470778,,,0.024950839200462163
3,0.03187711701835289,,,0.024455867663320568
4,-0.02178680487190311,,,-0.0284741324010772
5,-0.01130078200201632,,,-0.0005308948013686374
6,0.014845763102391796,,,0.027574859497971935
7,-0.03279911265732118,,,-0.011862013097778235
8,0.03356643874965475,,,0.020345657128992636
