Rep,Center position,cp,mp,run,Total solutions,ADANIENT.NS,ADANIPORTS.NS,AXISBANK.NS,BAJFINANCE.NS,BHARTIARTL.NS,HDFCBANK.NS,ICICIBANK.NS,INDUSINDBK.NS,INFY.NS,ITC.NS,KOTAKBANK.NS,LT.NS,M&M.NS,MARUTI.NS,RELIANCE.NS,SBIN.NS,TATASTEEL.NS,TCS.NS
R1,1,0.7,0.3,2,3,0.0,0.0,0.0,0.0,0.0,0.0,0.0,0.0,0.16089435723861895,0.1961055481644114,0.1631445490845848,0.0,0.0,0.0,0.24796593458306088,0.0,0.0,0.23188961092932392
R2,2,0.7,0.3,2,3,0.0,0.0,0.0,0.0,0.0,0.0,0.0,0.0,0.20646711643072502,0.19525505077424674,0.1387538787341882,0.0,0.0,0.0,0.21770557718889727,0.0,0.0,0.24181837687194285
R3,3,0.7,0.3,2,3,0.0,0.0,0.0,0.0,0.0,0.0,0.0,0.0,0.2005907787918785,0.19669327465686837,0.13948704600993458,0.0,0.0,0.0,0.21292938727871874,0.0,0.0,0.2502995132625998
