Quarter,MODEL I RESULTS,MODEL II RESULTS,MODEL III RESULTS,NIFTY50
1,0.01734428541012222,0.008971227184764513,0.006917460191579637,0.009074921607652766
2,0.015658316576635332,0.0123474999794008,0.012520238980641482,0.024950839200462163
3,0.024541491033025203,0.0292964330134645,0.03302423645070051,0.024455867663320568
4,-0.021691103940794796,-0.022821014742063547,-0.019887283060999093,-0.0284741324010772
5,-0.012367307472167396,-0.012361475201601432,-0.01623300996581214,-0.0005308948013686374
6,0.018864008687977288,0.015603690732706565,0.013818111110949298,0.027574859497971935
7,-0.03609666155518674,-0.034137906894543844,-0.03496995048343782,-0.011862013097778235
8,0.03847636716529621,0.03458719347251438,0.0350920862860693,0.020345657128992636
