Rep,Center position,cp,mp,run,Total solutions,b1,b2,b3,k,Mean,Risk,Skewness,Semikurtosis
R1,1,0.6,0.4,2,9,-0.13245740188723826,0.008187250717309209,0.1305205577073757,0.4299345633735112,0.029819467766374078,0.002529672592845648,3.4415712252162695e-06,2.3938409190489476e-05
R2,2,0.7,0.2,2,9,-0.1345762482453371,0.00766741573063872,0.12905387588310874,0.4105100683277012,0.02999763702753283,0.0025076687578467908,1.549309804385919e-06,2.354002319135044e-05
R3,3,0.7,0.2,2,9,-0.13499624811031358,0.007460996669180567,0.1285126916505941,0.4065903492258927,0.029901771309609335,0.002497840865360899,1.1111572966516616e-06,2.3361420172357745e-05
R4,4,0.7,0.2,2,9,-0.13453519866477445,0.007791930800662046,0.12902568522711902,0.4105039123965205,0.030056282706646932,0.0025054881189038886,1.17390680807041e-06,2.352209861300168e-05
R5,5,0.7,0.3,1,9,-0.13243911745181444,0.00798992463335999,0.13298707475053778,0.4309566938889052,0.030519717005668842,0.0025880483453475595,8.439308197198853e-06,2.476804972441113e-05
R6,6,0.7,0.3,1,9,-0.13124067785172916,0.008601037926590158,0.13271472506869023,0.4260392312047429,0.031228616694893713,0.0025521127150683453,8.149569347712272e-06,2.4065838860632335e-05
R7,7,0.7,0.3,1,9,-0.1326108829715607,0.008431954078213094,0.13048374141186753,0.4219622084908398,0.0304216525198792,0.0025193093989740473,3.1890123730280573e-06,2.3718558369712004e-05
R8,8,0.7,0.3,1,9,-0.13128257185383757,0.008562829291442814,0.13269740561084467,0.4260621631186201,0.031195693368029048,0.00255267837332349,8.179840335216073e-06,2.4074979084459676e-05
R9,9,0.8,0.4,3,9,-0.141647823484052,0.0026266530265574746,0.12160733656925003,0.35442736007372583,0.02767261108492297,0.0023970412095331976,1.364943401084796e-06,2.1159047286017663e-05
