Rep,Center position,cp,mp,run,Total solutions,b1,b2,b3,k,Mean,Risk,Skewness,Semikurtosis
R1,1,0.7,0.3,2,3,-0.13688576982791914,0.005718153036373222,0.12967149930771457,0.37426196349594304,0.031398163097328256,0.0025212891040053286,9.302531135700827e-06,2.3055395704356708e-05
R2,2,0.7,0.3,2,3,-0.13341419138960037,0.0070371386331647716,0.12826566744866738,0.4044125421243431,0.029974932003621155,0.002467699778512116,4.407016706999799e-06,2.2584496234802804e-05
R3,3,0.7,0.3,2,3,-0.1329336454931641,0.007599991618040793,0.12970809011532639,0.413092079850839,0.03026474466823703,0.0025007129157534544,4.909937383690686e-06,2.321710628331287e-05
